{
    "rmse": 0.6891659308325757,
    "mae": 0.5423132559251027,
    "r2": 0.2567490473645534
}